Model,Alpha,Degree,MSE,R2
Ridge,0.01,1,29.569323723425224,0.27198293569532017
Ridge,0.01,2,18.95118854356057,0.5304368097301506
Ridge,0.01,3,9.888824660067396,0.7571216465025751
Ridge,0.01,4,3.120636952943103,0.9234019318447159
Ridge,0.01,5,1.3203530797875485,0.9674611487805069
Ridge,0.01,6,0.5200088081886711,0.9871287563815283
Ridge,0.01,7,0.3246966280766223,0.9918018829409709
Ridge,0.01,8,0.26496838356966057,0.9933092842933389
Ridge,0.01,9,0.26706563784899223,0.993207130463159
Ridge,0.01,10,0.2782860943616655,0.9929932330604563
Ridge,0.01,11,0.3003432678486679,0.9924687303982532
Ridge,0.01,12,0.3401018070964591,0.9914863058836456
Ridge,0.01,13,0.38879989071948895,0.9903492340362308
Lasso,0.01,1,29.56966530135295,0.27203744824180465
Lasso,0.01,2,18.951518692686548,0.5304974187109609
Lasso,0.01,3,9.894479747771296,0.7571198621550469
Lasso,0.01,4,3.1791756793452457,0.9220570085045681
Lasso,0.01,5,1.4738608311748902,0.9639754726440154
Lasso,0.01,6,0.8586076349834478,0.9791096945876692
Lasso,0.01,7,0.6404683603834591,0.9842103384664901
Lasso,0.01,8,0.4524127323654484,0.9887672339148381
Lasso,0.01,9,0.38837897390818427,0.9902379939710075
Lasso,0.01,10,0.3645598875453032,0.9907905721639148
Lasso,0.01,11,0.35142140286581514,0.991096875257967
Lasso,0.01,12,0.3532032166860105,0.9910283239168228
Lasso,0.01,13,0.3485550574816746,0.9911494963003065
Ridge,0.1,1,29.569301562125656,0.27198455889471124
Ridge,0.1,2,18.95111161361953,0.5304400015153289
Ridge,0.1,3,9.888719828343316,0.7571292558257049
Ridge,0.1,4,3.1209011263489144,0.9233992507017584
Ridge,0.1,5,1.3201242320701827,0.9674777626901211
Ridge,0.1,6,0.5215098955562436,0.9870938503790146
Ridge,0.1,7,0.32436666300004224,0.9918192097495069
Ridge,0.1,8,0.2577788434396718,0.9934842447733443
Ridge,0.1,9,0.25541292257035003,0.9934979131428602
Ridge,0.1,10,0.25390291924707314,0.9935698702467892
Ridge,0.1,11,0.2609914434133985,0.9933734127803089
Ridge,0.1,12,0.2730458668047683,0.9930968518919828
Ridge,0.1,13,0.284377167091896,0.9928136260400325
Lasso,0.1,1,29.60078541041343,0.2718216503178631
Lasso,0.1,2,19.035680864950073,0.5290396785269003
Lasso,0.1,3,10.713827878576536,0.7376492438328619
Lasso,0.1,4,5.044578583150435,0.8759896447030368
Lasso,0.1,5,3.461289587847567,0.9151858211692995
Lasso,0.1,6,2.4362270597530524,0.9403480034567278
Lasso,0.1,7,1.9052432311481504,0.9533446040855461
Lasso,0.1,8,1.5561694992676747,0.9617112658682719
Lasso,0.1,9,1.433192913880491,0.9647045232096356
Lasso,0.1,10,1.3764515094863867,0.9659655209010133
Lasso,0.1,11,1.3304082864477373,0.9670790952608985
Lasso,0.1,12,1.3069856087189937,0.9675853004630619
Lasso,0.1,13,1.2932659107976583,0.9679153959273904
Ridge,1.0,1,29.569096847475056,0.27200034811283513
Ridge,1.0,2,18.950372704490835,0.5304711473162015
Ridge,1.0,3,9.888613837399514,0.7571804643555671
Ridge,1.0,4,3.1261636102045793,0.9233054777891846
Ridge,1.0,5,1.3284099877516735,0.9673505575024469
Ridge,1.0,6,0.5649738945397149,0.9860598318070715
Ridge,1.0,7,0.3666724418786209,0.9907781594484284
Ridge,1.0,8,0.2720921604702068,0.9931344456761317
Ridge,1.0,9,0.2533037157469359,0.9935610028446169
Ridge,1.0,10,0.2409313919057298,0.9939022380964767
Ridge,1.0,11,0.24273691964892588,0.9938273996359224
Ridge,1.0,12,0.24581380385510448,0.9937739080428546
Ridge,1.0,13,0.25143840670788464,0.9936100996335254
Lasso,1.0,1,31.959186950246483,0.21612009463512946
Lasso,1.0,2,24.457371785489972,0.4004491217048464
Lasso,1.0,3,19.52447730131133,0.5229536465363054
Lasso,1.0,4,16.761081716974022,0.5867433468887864
Lasso,1.0,5,15.110657834835553,0.6273536363363543
Lasso,1.0,6,14.324363766823783,0.6456674698915078
Lasso,1.0,7,14.224490499668567,0.6480363456328236
Lasso,1.0,8,14.02802844059974,0.6525265134116522
Lasso,1.0,9,14.039294930336393,0.6522355397944216
Lasso,1.0,10,13.998419046042335,0.6530265283642617
Lasso,1.0,11,14.002243114317986,0.652947144500666
Lasso,1.0,12,14.024900244577575,0.6522495366019724
Lasso,1.0,13,14.02878648716063,0.652166902414269
